2008-09-10, 0.01056824964
2008-09-11, 0.00912901752
2008-09-12, 0.00899488355
2008-09-13, 0.01117479714
2008-09-14, 0.01145309094
2008-09-15, 0.0095957435
2008-09-16, 0.01024020299
2008-09-17, 0.00900126798
2008-09-18, 0.01032435859
2008-09-19, 0.01111772947
2008-09-20, 0.00997208397
2008-09-21, 0.01088809141
2008-09-22, 0.00957956669
2008-09-23, 0.00802727987
2008-09-24, 0.00802638798
2008-09-25, 0.00950002914
2008-09-26, 0.00882916895
2008-09-27, 0.0152109246
2008-09-28, 0.0105448142
2008-09-29, 0.00628859526
2008-09-30, 0.01023958441
2008-10-01, 0.00842533345
2008-10-02, 0.00913219304
2008-10-03, 0.01267373
2008-10-04, 0.01133994753
2008-10-05, 0.01119496085
2008-10-06, 0.00881077231
2008-10-07, 0.00756623431
2008-10-08, 0.01043139808
2008-10-09, 0.00893120811
2008-10-10, 0.00949254422
2008-10-11, 0.01100843253
2008-10-12, 0.01092828882
2008-10-13, 0.00804391089
2008-10-14, 0.00773691862
2008-10-15, 0.00678694341
2008-10-16, 0.01087525101
2008-10-17, 0.01056104414
2008-10-18, 0.01102126047
2008-10-19, 0.01069202951
2008-10-20, 0.00945170059
2008-10-21, 0.00863597354
2008-10-22, 0.00890473323
2008-10-23, 0.00932324067
2008-10-24, 0.00927344796
2008-10-25, 0.0105068315
2008-10-26, 0.0100314688
2008-10-27, 0.00881298444
2008-10-28, 0.00928287252
2008-10-29, 0.01048974251
2008-10-30, 0.00927652482
2008-10-31, 0.01121734226
2008-11-01, 0.01171727731
2008-11-02, 0.01065518612
2008-11-03, 0.00894360143
2008-11-04, 0.01001195339
2008-11-05, 0.00677719216
2008-11-06, 0.0098559633
2008-11-07, 0.01149765096
2008-11-08, 0.01163103013
2008-11-09, 0.01104727157
2008-11-10, 0.00941841107
2008-11-11, 0.00992411095
2008-11-12, 0.00885440045
2008-11-13, 0.00907376414
2008-11-14, 0.01047634837
2008-11-15, 0.01063361949
2008-11-16, 0.01199794444
2008-11-17, 0.00926297818
2008-11-18, 0.01073454389
2008-11-19, 0.00968624025
2008-11-20, 0.00975086749
2008-11-21, 0.01149367169
2008-11-22, 0.01085329337
2008-11-23, 0.01068959092
2008-11-24, 0.01033882895
2008-11-25, 0.01047272795
2008-11-26, 0.00985782413
2008-11-27, 0.01479867413
2008-11-28, 0.00804695921
2008-11-29, 0.01112678293
2008-11-30, 0.01104214928
2008-12-01, 0.00889498105
2008-12-02, 0.01033202048
2008-12-03, 0.01071014648
2008-12-04, 0.0104155151
2008-12-05, 0.01143879798
2008-12-06, 0.01210394469
2008-12-07, 0.01091539033
2008-12-08, 0.00943384658
2008-12-09, 0.00940590063
2008-12-10, 0.00969153651
2008-12-11, 0.01003409937
2008-12-12, 0.01226035104
2008-12-13, 0.01141415219
2008-12-14, 0.01061910295
2008-12-15, 0.01092166428
2008-12-16, 0.0100710879
2008-12-17, 0.01020337367
2008-12-18, 0.0110757573
2008-12-19, 0.01112922182
2008-12-20, 0.01162658984
2008-12-21, 0.01206592521
2008-12-22, 0.00972429995
2008-12-23, 0.01140143102
2008-12-24, 0.0174816857
2008-12-25, 0.01277543137
2008-12-26, 0.00765882257
2008-12-27, 0.01180455051
2008-12-28, 0.01134132166
2008-12-29, 0.00994007893
2008-12-30, 0.01039320682
2008-12-31, 0.01418397528
2009-01-01, 0.00348320132
2009-01-02, 0.00969960505
2009-01-03, 0.01076948125
2009-01-04, 0.0107796576
2009-01-05, 0.01051520991
2009-01-06, 0.01001165496
2009-01-07, 0.00969652249
2009-01-08, 0.00941394166
2009-01-09, 0.01171442727
2009-01-10, 0.01183236453
2009-01-11, 0.01074567484
2009-01-12, 0.00934209635
2009-01-13, 0.00998039802
2009-01-14, 0.00995202838
2009-01-15, 0.01020920494
2009-01-16, 0.01107153966
2009-01-17, 0.01177689763
2009-01-18, 0.01151309557
2009-01-19, 0.01023220851
2009-01-20, 0.01132537777
2009-01-21, 0.0083114443
2009-01-22, 0.01070346016
2009-01-23, 0.01078280434
2009-01-24, 0.00994111161
2009-01-25, 0.01197892582
2009-01-26, 0.00863921007
2009-01-27, 0.00967275455
2009-01-28, 0.00960859719
2009-01-29, 0.01106784616
2009-01-30, 0.01140499603
2009-01-31, 0.01140867826
2009-02-01, 0.01283231179
2009-02-02, 0.0090967237
2009-02-03, 0.0099769241
2009-02-04, 0.00986519452
2009-02-05, 0.01093193443
2009-02-06, 0.01095381334
2009-02-07, 0.0120677551
2009-02-08, 0.01096599632
2009-02-09, 0.00931222907
2009-02-10, 0.00998356877
2009-02-11, 0.01014730832
2009-02-12, 0.01119192139
2009-02-13, 0.01305479872
2009-02-14, 0.01520426163
2009-02-15, 0.00944698168
2009-02-16, 0.0099878426
2009-02-17, 0.00946245666
2009-02-18, 0.00892496231
2009-02-19, 0.01077828908
2009-02-20, 0.01201518184
2009-02-21, 0.01222743991
2009-02-22, 0.01067601389
2009-02-23, 0.00964079773
2009-02-24, 0.01010221269
2009-02-25, 0.00989835323
2009-02-26, 0.01050730424
2009-02-27, 0.01166604845
2009-02-28, 0.01099640936
2009-03-01, 0.01103177558
2009-03-02, 0.01094004223
2009-03-03, 0.01095075665
2009-03-04, 0.00967870391
2009-03-05, 0.01070494612
2009-03-06, 0.01193651766
2009-03-07, 0.01153668308
2009-03-08, 0.0109484504
2009-03-09, 0.00965710301
2009-03-10, 0.01101228423
2009-03-11, 0.01026070936
2009-03-12, 0.00998386429
2009-03-13, 0.01187203686
2009-03-14, 0.01182332895
2009-03-15, 0.01153755087
2009-03-16, 0.01270804566
2009-03-17, 0.01117458839
2009-03-18, 0.01044570142
2009-03-19, 0.01009794199
2009-03-20, 0.01267031748
2009-03-21, 0.01239053138
2009-03-22, 0.01152487727
2009-03-23, 0.00967450103
2009-03-24, 0.01056008033
2009-03-25, 0.00984461636
2009-03-26, 0.01035959137
2009-03-27, 0.01255089106
2009-03-28, 0.01136131551
2009-03-29, 0.01084226613
2009-03-30, 0.00989328808
2009-03-31, 0.00760625362
2009-04-01, 0.01009757288
2009-04-02, 0.01168612126
2009-04-03, 0.01145262774
2009-04-04, 0.01160370569
2009-04-05, 0.01218235843
2009-04-06, 0.00993134184
2009-04-07, 0.01054624905
2009-04-08, 0.01023289585
2009-04-09, 0.0109181315
2009-04-10, 0.01180723789
2009-04-11, 0.01215501745
2009-04-12, 0.01411776288
2009-04-13, 0.00931657302
2009-04-14, 0.01061627976
2009-04-15, 0.01070020975
2009-04-16, 0.01082239437
2009-04-17, 0.01175953269
2009-04-18, 0.01134385334
2009-04-19, 0.01185866102
2009-04-20, 0.01062022687
2009-04-21, 0.01050267838
2009-04-22, 0.01100234866
2009-04-23, 0.01034120051
2009-04-24, 0.01212847402
2009-04-25, 0.01148164138
2009-04-26, 0.01057211055
2009-04-27, 0.00793877613
2009-04-28, 0.00929899122
2009-04-29, 0.00810739633
2009-04-30, 0.00858144018
2009-05-01, 0.01164896232
2009-05-02, 0.01112694135
2009-05-03, 0.01119964473
2009-05-04, 0.00953281109
2009-05-05, 0.01100474534
2009-05-06, 0.01355232926
2009-05-07, 0.01329827091
2009-05-08, 0.00846364021
2009-05-09, 0.0038101119
2009-05-10, 0.0038061119
2009-05-11, 0.00853477978
2009-05-12, 0.00953181511
2009-05-13, 0.00724104165
2009-05-14, 0.00539662324
2009-05-15, 0.00548696811
2009-05-21, 0.00940477913
2009-05-22, 0.01121519922
2009-05-23, 0.01097004143
2009-05-24, 0.01120083963
2009-05-25, 0.00816578616
2009-05-26, 0.00872665003
2009-05-27, 0.00882065021
2009-05-28, 0.00874301817
2009-05-29, 0.00819913705
2009-05-30, 0.01107257078
2009-05-31, 0.01072913194
2009-06-01, 0.00884411779
2009-06-02, 0.00955424765
2009-06-03, 0.00940637179
2009-06-04, 0.01033373633
2009-06-05, 0.00992197902
2009-06-06, 0.01038731396
2009-06-07, 0.0098698423
2009-06-08, 0.00926861252
2009-06-09, 0.00855948666
2009-06-10, 0.00861912818
2009-06-11, 0.00891828869
2009-06-12, 0.01333047986
2009-06-13, 0.00993193865
2009-06-14, 0.01109822054
2009-06-15, 0.00908358705
2009-06-16, 0.00965409179
2009-06-17, 0.00873070531
2009-06-18, 0.00792142556
2009-06-19, 0.0095650749
2009-06-20, 0.0085046159
2009-06-21, 0.01171264168
2009-06-22, 0.00685814881
2009-06-23, 0.01033921241
2009-06-24, 0.00882683181
2009-06-25, 0.01465322748
2009-06-26, 0.01810460014
2009-06-27, 0.01039012616
2009-06-28, 0.009308635
2009-06-29, 0.01021883858
2009-06-30, 0.00977335116
2009-07-01, 0.00964104139
2009-07-02, 0.00937289211
2009-07-03, 0.01007475348
2009-07-04, 0.01393827881
2009-07-05, 0.00811306824
2009-07-06, 0.00797596515
2009-07-07, 0.00907295121
2009-07-08, 0.00900062699
2009-07-09, 0.00914945143
2009-07-10, 0.00909994121
2009-07-11, 0.00905707047
2009-07-12, 0.01073386433
2009-07-13, 0.00900403911
2009-07-14, 0.00786572937
2009-07-15, 0.00776123507
2009-07-16, 0.00810278833
2009-07-17, 0.00986300051
2009-07-18, 0.00897777999
2009-07-19, 0.00848646274
2009-07-20, 0.00843196541
2009-07-21, 0.00742495262
2009-07-22, 0.00831258502
2009-07-23, 0.00743354093
2009-07-24, 0.0096980197
2009-07-25, 0.00969515326
2009-07-26, 0.00786786714
2009-07-27, 0.00752975472
2009-07-28, 0.00669643249
2009-07-29, 0.00713731791
2009-07-30, 0.0083627783
2009-07-31, 0.0094915846
2009-08-01, 0.00847636618
2009-08-02, 0.01066314357
2009-08-06, 0.01212389444
2009-08-07, 0.01043665133
2009-08-08, 0.00801268704
2009-08-09, 0.00833469866
2009-08-10, 0.00730820231
2009-08-11, 0.00858988307
2009-08-12, 0.00650601947
2009-08-13, 0.00792660659
2009-08-14, 0.0090680174
2009-08-15, 0.00785873049
2009-08-16, 0.0084814701
2009-08-17, 0.00682278499
2009-08-18, 0.0067679394
2009-08-19, 0.0067637011
2009-08-20, 0.0077761877
2009-08-21, 0.00978085664
2009-08-22, 0.00912295152
2009-08-23, 0.00712664876
2009-08-24, 0.0078369095
2009-08-25, 0.00790765256
2009-08-26, 0.00838958429
2009-08-27, 0.00702222539
2009-08-28, 0.01033468609
2009-08-29, 0.01035674343
2009-08-30, 0.00828784344
2009-08-31, 0.00651079575
2009-09-01, 0.00735662301
2009-09-02, 0.00664784865
2009-09-03, 0.00704824899
2009-09-04, 0.00891838853
2009-09-05, 0.00776728614
2009-09-06, 0.00868895186
2009-09-07, 0.00838130096
2009-09-08, 0.00687236184
2009-09-09, 0.00687410175
2009-09-10, 0.00751376002
2009-09-11, 0.00755532963
2009-09-12, 0.00762697721
2009-09-13, 0.00646201087
2009-09-14, 0.01187011696
2009-09-15, 0.01040151914
2009-09-16, 0.00742332361
2009-09-17, 0.00719309628
2009-09-18, 0.00772808375
2009-09-19, 0.00875092015
2009-09-20, 0.00963548443
2009-09-21, 0.00687401777
2009-09-22, 0.00487513936
2009-09-23, 0.00662241287
2009-09-24, 0.00557418491
2009-09-25, 0.00844592009
2009-09-26, 0.006645407
2009-09-27, 0.00617563851
2009-09-28, 0.00587229767
2009-09-29, 0.00614189589
2009-09-30, 0.0060499077
2009-10-01, 0.00646434696
2009-10-02, 0.00827631403
2009-10-03, 0.00884052001
2009-10-04, 0.00710031496
2009-10-05, 0.00608343909
2009-10-06, 0.00576361888
2009-10-07, 0.00931058758
2009-10-08, 0.00656465203
2009-10-09, 0.00931428026
2009-10-10, 0.00717986117
2009-10-11, 0.00842328299
2009-10-12, 0.00618605897
2009-10-13, 0.00587570954
2009-10-14, 0.00655195986
2009-10-15, 0.00640313503
2009-10-16, 0.00733897518
2009-10-17, 0.00653603488
2009-10-18, 0.00664506743
2009-10-19, 0.00568512718
2009-10-20, 0.00733188801
2009-10-21, 0.00835985493
2009-10-22, 0.00513467313
2009-10-23, 0.00715455975
2009-10-24, 0.00606018644
2009-10-25, 0.00646229939
2009-10-26, 0.00606665565
2009-10-27, 0.00444196368
2009-10-28, 0.0054032719
2009-10-29, 0.00585942245
2009-10-30, 0.00653586516
2009-10-31, 0.0080313028
2009-11-01, 0.00586209885
2009-11-02, 0.00646735483
2009-11-03, 0.00583100523
2009-11-04, 0.00616215765
2009-11-05, 0.00458432211
2009-11-06, 0.00706502073
2009-11-07, 0.00815375768
2009-11-08, 0.00707144274
2009-11-09, 0.00313069601
2009-11-10, 0.00725877495
2009-11-11, 0.00549607906
2009-11-12, 0.00656849137
2009-11-13, 0.007160071
2009-11-14, 0.00641510168
2009-11-15, 0.00806434806
2009-11-16, 0.00671481791
2009-11-17, 0.00456375781
2009-11-18, 0.0049930557
2009-11-19, 0.0047157662
2009-11-20, 0.00685054398
2009-11-21, 0.00565124808
2009-11-22, 0.0066812942
2009-11-23, 0.00610036208
2009-11-24, 0.00722394392
2009-11-25, 0.00784473615
2009-11-26, 0.0104015522
2009-11-27, 0.00421095074
2009-11-28, 0.00570706646
2009-11-29, 0.00619850401
2009-11-30, 0.00567622774
2009-12-01, 0.00555830429
2009-12-02, 0.00457548651
2009-12-03, 0.00570237135
2009-12-04, 0.00652985644
2009-12-05, 0.00613535705
2009-12-06, 0.00582919047
2009-12-07, 0.00605438909
2009-12-08, 0.00322070999
2009-12-09, 0.00575370387
2009-12-10, 0.00498818587
2009-12-11, 0.00550066614
2009-12-12, 0.00683521376
2009-12-13, 0.0055557758
2009-12-14, 0.00512213379
2009-12-15, 0.0056786971
2009-12-16, 0.00527649259
2009-12-17, 0.00869267734
2009-12-21, 0.0066980372
2009-12-22, 0.00597764428
2009-12-23, 0.00790528642
2009-12-24, 0.01847057221
2009-12-25, 0.00333493168
2009-12-26, 0.00308814337
2009-12-27, 0.00566344594
2009-12-28, 0.00628245431
2009-12-29, 0.00637974419
2009-12-30, 0.00577770335
2009-12-31, 0.01282999252
2010-01-01, -0.00763273463
2010-01-02, 0.00533956532
2010-01-03, 0.00501487863
2010-01-04, 0.00512548429
2010-01-05, 0.00506460155
2010-01-06, 0.00545193787
2010-01-07, 0.0048893131
2010-01-08, 0.00668302366
2010-01-09, 0.00519653947
2010-01-10, 0.00567684913
2010-01-11, 0.00477487532
2010-01-12, 0.00433776036
2010-01-13, 0.00338913423
2010-01-14, 0.00651530668
2010-01-15, 0.00598127269
2010-01-16, 0.00548600789
2010-01-17, 0.00623961268
2010-01-18, 0.00406735857
2010-01-19, 0.00429377094
2010-01-20, 0.00335370577
2010-01-21, 0.00494487495
2010-01-22, 0.00644304265
2010-01-23, 0.00633688614
2010-01-24, 0.00577945759
2010-01-25, 0.00520819619
2010-01-26, 0.00469513163
2010-01-27, 0.00652593071
2010-01-28, 0.00665056944
2010-01-29, 0.00549915439
2010-01-30, 0.00528804232
2010-01-31, 0.00661056948
2010-02-01, 0.00479178507
2010-02-02, 0.00443612604
2010-02-03, 0.00605729864
2010-02-04, 0.00407680904
2010-02-05, 0.00616059673
2010-02-06, 0.00662629748
2010-02-07, 0.00686811549
2010-02-08, 0.00451233751
2010-02-09, 0.00523355547
2010-02-10, 0.00357033339
2010-02-11, 0.00691312948
2010-02-12, 0.00739959739
2010-02-13, 0.00775471667
2010-02-14, 0.00731669704
2010-02-15, 0.00436030912
2010-02-16, 0.00547765374
2010-02-17, 0.00411178065
2010-02-18, 0.00290869217
2010-02-19, 0.00579851609
2010-02-20, 0.00519192685
2010-02-21, 0.00565764122
2010-02-22, 0.0099590219
2010-02-23, 0.00289441374
2010-02-24, 0.00447510326
2010-02-25, 0.00488857341
2010-02-26, 0.00510899037
2010-02-27, 0.00242963945
2010-02-28, 0.00601605196
2010-03-01, 0.00449313232
2010-03-02, 0.00487552894
2010-03-03, 0.00518203059
2010-03-04, 0.00490355162
2010-03-05, 0.00596607749
2010-03-06, 0.00605942289
2010-03-07, 0.00615891841
2010-03-08, 0.00811945843
2010-03-09, 0.00445714351
2010-03-10, 0.00559712978
2010-03-11, 0.0052942431
2010-03-12, 0.00674623379
2010-03-13, 0.00552931171
2010-03-14, 0.00731269639
2010-03-15, 0.00632501547
2010-03-16, 0.00496319458
2010-03-17, 0.00597289431
2010-03-18, 0.0060768665
2010-03-19, 0.00741330067
2010-03-20, 0.00614171885
2010-03-21, 0.00528812671
2010-03-22, 0.00694167085
2010-03-23, 0.00400703196
2010-03-24, 0.00569577807
2010-03-25, 0.00527498402
2010-03-26, 0.00775549417
2010-03-28, 0.00416884884
2010-03-29, 0.00334361228
2010-03-30, 0.00448281092
2010-03-31, 0.00531566544
2010-04-01, 0.00563122932
2010-04-02, 0.00732721351
2010-04-03, 0.00714911374
2010-04-04, 0.00847751518
2010-04-05, 0.00555510676
2010-04-06, 0.00584576693
2010-04-07, 0.00600112818
2010-04-08, 0.00595529773
2010-04-09, 0.00727872101
2010-04-10, 0.00634733321
2010-04-11, 0.00571791869
2010-04-12, 0.00521941306
2010-04-13, 0.00562340241
2010-04-14, 0.00474659816
2010-04-15, 0.0051790095
2010-04-16, 0.00611261392
2010-04-17, 0.00591343233
2010-04-18, 0.0037707488
2010-04-19, 0.00536693466
2010-04-20, 0.0062809694
2010-04-21, 0.00549969448
2010-04-22, 0.00522338245
2010-04-23, 0.00717763655
2010-04-24, 0.00565424671
2010-04-25, 0.0049593391
2010-04-26, 0.00405748677
2010-04-27, 0.00468470163
2010-04-28, 0.00510161788
2010-04-29, 0.00519994828
2010-04-30, 0.00691632347
2010-05-01, 0.00658553607
2010-05-02, 0.00810660048
2010-05-03, 0.005176376
2010-05-04, 0.00533426558
2010-05-05, 0.00543444112
2010-05-06, 0.00525359905
2010-05-07, 0.00638357793
2010-05-08, 0.00617797059
2010-05-09, 0.00826114131
2010-05-10, 0.00459553054
2010-05-11, 0.00474044755
2010-05-12, 0.00416905965
2010-05-13, 0.00372181975
2010-05-14, 0.00571373974
2010-05-15, 0.00564052344
2010-05-16, 0.00557286566
2010-05-17, 0.00409576018
2010-05-18, 0.00441831795
2010-05-19, 0.00610437543
2010-05-20, 0.00510985947
2010-05-21, 0.00706162035
2010-05-22, 0.00642618121
2010-05-23, 0.00318833283
2010-05-24, 0.00570704442
2010-05-25, 0.00554620618
2010-05-26, 0.00506062197
2010-05-27, 0.00452427042
2010-05-28, 0.00804114391
2010-05-29, 0.00673476098
2010-05-30, 0.00591375766
2010-05-31, 0.00435276126
2010-06-01, 0.00410932708
2010-06-02, 0.00406008911
2010-06-03, 0.00556455317
2010-06-04, 0.00620798174
2010-06-05, 0.00552581527
2010-06-06, 0.00385189546
2010-06-07, 0.00380447459
2010-06-08, 0.00350487191
2010-06-09, 0.00549611941
2010-06-10, 0.00415775351
2010-06-11, 0.00633713921
2010-06-12, 0.00630335925
2010-06-13, 0.00414422295
2010-06-14, 0.0052485958
2010-06-15, 0.00533997525
2010-06-16, 0.00389732513
2010-06-17, 0.00397846251
2010-06-18, 0.00840584483
2010-06-19, 0.00619001633
2010-06-20, 0.00623037094
2010-06-21, 0.00450412471
2010-06-22, 0.00362717762
2010-06-23, 0.00433528902
2010-06-24, 0.00467918789
2010-06-25, 0.00657463092
2010-06-26, 0.00509951746
2010-06-27, 0.00147871267
2010-06-28, 0.00471566104
2010-06-29, 0.00537015665
2010-06-30, 0.00485417577
2010-07-01, 0.00408305088
2010-07-02, 0.00429851239
2010-07-03, 0.00511476595
2010-07-04, 0.00740457693
2010-07-05, 0.0038050837
2010-07-06, 0.00415644351
2010-07-07, 0.00502991901
2010-07-08, 0.00270518082
2010-07-09, 0.00680741759
2010-07-10, 0.00534747616
2010-07-11, 0.00489217912
2010-07-12, 0.00519586333
2010-07-13, 0.00634114997
2010-07-14, 0.00458149261
2010-07-15, 0.00465022802
2010-07-16, 0.00581074687
2010-07-17, 0.00513200312
2010-07-18, 0.00431451273
2010-07-19, 0.00473333791
2010-07-20, 0.00512664413
2010-07-21, 0.00438010653
2010-07-22, 0.0050542824
2010-07-23, 0.00571644278
2010-07-24, 0.00560937606
2010-07-25, 0.0043983347
2010-07-26, 0.00520095666
2010-07-27, 0.00478080736
2010-07-28, 0.00468869465
2010-07-29, 0.00506360462
2010-07-30, 0.0050499307
2010-07-31, 0.00603074249
2010-08-01, 0.00205287588
2010-08-02, 0.0045344859
2010-08-03, 0.00565042306
2010-08-04, 0.00488878505
2010-08-05, 0.00396046109
2010-08-06, 0.00560623761
2010-08-07, 0.00528533678
2010-08-08, 0.00604109109
2010-08-09, 0.00450668268
2010-08-10, 0.00477130442
2010-08-11, 0.00451115422
2010-08-12, 0.00472891351
2010-08-13, 0.00588726262
2010-08-14, 0.00579657532
2010-08-15, 0.00517919144
2010-08-16, 0.00468463338
2010-08-17, 0.00455662531
2010-08-18, 0.00438561628
2010-08-19, 0.00445861579
2010-08-20, 0.00602128909
2010-08-21, 0.00520173519
2010-08-22, 0.00293621223
2010-08-23, 0.00382314036
2010-08-24, 0.00504967466
2010-08-25, 0.00499190218
2010-08-26, 0.00438208815
2010-08-27, 0.00538366866
2010-08-28, 0.00387175622
2010-08-29, 0.00570916485
2010-08-30, 0.00379049392
2010-08-31, 0.00431202506
2010-09-01, 0.00479597701
2010-09-02, 0.00348598119
2010-09-03, 0.0053979809
2010-09-04, 0.00617045435
2010-09-05, 0.00554624914
2010-09-06, 0.00443313124
2010-09-07, 0.00189038004
2010-09-08, 0.00327060521
2010-09-09, 0.00436681808
2010-09-10, 0.00458702998
2010-09-11, 0.00505873643
2010-09-12, 0.00382474595
2010-09-13, 0.00415439827
2010-09-14, 0.00405608218
2010-09-15, 0.0051633232
2010-09-16, 0.00236368375
2010-09-17, 0.0046688592
2010-09-18, 0.00449651202
2010-09-19, 0.00451040534
2010-09-20, 0.00365005847
2010-09-21, 0.00227701573
2010-09-22, 0.00319839988
2010-09-23, 0.00289580491
2010-09-24, 0.00568267854
2010-09-25, 0.00457564249
2010-09-26, 0.00366950577
2010-09-27, 0.00352197706
2010-09-28, 0.00407962862
2010-09-29, 0.00360654408
2010-09-30, 0.00449882606
2010-10-01, 0.00594928911
2010-10-02, 0.00460515981
2010-10-03, 0.00262521292
2010-10-04, 0.00408307728
2010-10-05, 0.00508613828
2010-10-06, 0.00632845578
2010-10-07, 0.00492205605
2010-10-08, 0.00508966245
2010-10-09, 0.00555855973
2010-10-10, 0.00461498394
2010-10-11, 0.00551726261
2010-10-12, 0.00468419182
2010-10-13, 0.00511451392
2010-10-14, 0.00324323769
2010-10-15, 0.00498886858
2010-10-16, 0.00587335922
2010-10-17, 0.00388073209
2010-10-18, 0.0041044758
2010-10-19, 0.00378222906
2010-10-20, 0.00431577457
2010-10-21, 0.00475830369
2010-10-22, 0.00597148304
2010-10-23, 0.0046672646
2010-10-24, 0.00893519207
2010-10-25, 0.00529604134
2010-10-26, 0.0039484174
2010-10-27, 0.00424181931
2010-10-28, 0.00388813832
2010-10-29, 0.00462108694
2010-10-30, 0.00483659799
2010-10-31, 0.00433923974
2010-11-01, 0.00512973547
2010-11-02, 0.00423916174
2010-11-03, 0.00833897163
2010-11-04, 0.0047958322
2010-11-05, 0.00637552085
2010-11-06, 0.00446795468
2010-11-07, 0.0058721893
2010-11-08, 0.00485579664
2010-11-09, 0.00537465078
2010-11-10, 0.00383118021
2010-11-11, 0.00367344417
2010-11-12, 0.0044169243
2010-11-13, 0.00357747132
2010-11-14, 0.00712215274
2010-11-15, 0.00545937274
2010-11-16, 0.00458853342
2010-11-17, 0.00443500697
2010-11-18, 0.00402513525
2010-11-19, 0.00540219695
2010-11-20, 0.00487210408
2010-11-21, 0.00451104501
2010-11-22, 0.00347785563
2010-11-23, 0.00281752566
2010-11-24, 0.00419056202
2010-11-25, 0.00576092899
2010-11-26, 0.00222036248
2010-11-27, 0.00285231739
2010-11-28, 0.0036861555
2010-11-29, 0.0055985934
2010-11-30, 0.00394740894
2010-12-01, 0.00331785359
2010-12-02, 0.00384692481
2010-12-03, 0.00491902089
2010-12-04, 0.00414822962
2010-12-05, 0.00474235444
2010-12-06, 0.00583310876
2010-12-07, 0.00272419614
2010-12-08, 0.00243810848
2010-12-09, 0.00275407498
2010-12-10, 0.00358594292
2010-12-11, 0.00314248094
2010-12-12, 0.00204845717
2010-12-13, 0.0026977069
2010-12-14, 0.0029390083
2010-12-15, 0.00313297447
2010-12-16, 0.00300897584
2010-12-17, 0.00404268455
2010-12-18, 0.00318080387
2010-12-19, 0.00333554794
2010-12-20, 0.00253211806
2010-12-21, 0.00469601157
2010-12-22, 0.00317745091
2010-12-23, 0.00495851946
2010-12-24, 0.01047061237
2010-12-25, 0.00012255395
2010-12-26, 0.00104142827
2010-12-27, 0.00369379405
2010-12-28, 0.0031922321
2010-12-29, 0.00120428595
2010-12-30, 0.00345835866
2010-12-31, 0.01122790923
2011-01-01, -0.00804756524
2011-01-02, 0.00254806206
2011-01-03, 0.00351048569
2011-01-04, 0.00360138985
2011-01-05, 0.00337730716
2011-01-06, 0.0032038293
2011-01-07, 0.0041032862
2011-01-08, 0.00183462666
2011-01-09, 0.00317127238
2011-01-10, 0.00264923019
2011-01-11, 0.00130157083
2011-01-12, 0.00292407064
2011-01-13, 0.00123392088
2011-01-14, 0.00532265206
2011-01-15, 0.00592688251
2011-01-16, 0.00383053742
2011-01-17, 0.0029649224
2011-01-18, 0.00203791282
2011-01-19, 0.00269919929
2011-01-20, 0.00183024056
2011-01-21, 0.00403479013
2011-01-22, 0.00446447747
2011-01-23, 0.00267626309
2011-01-24, 0.00184423973
2011-01-25, 0.00261188813
2011-01-26, 0.00189379124
2011-01-27, 0.00206278646
2011-01-28, 0.0038473422
2011-01-29, 0.00351843621
2011-01-30, 0.00218563138
2011-01-31, 0.00273413156
2011-02-01, 0.00239332312
2011-02-02, 0.00266096919
2011-02-03, 0.00110094314
2011-02-04, 0.00411577916
2011-02-05, 0.00348063121
2011-02-06, 0.0050817382
2011-02-07, 0.00246699823
2011-02-08, 0.00318591794
2011-02-09, 0.00382909672
2011-02-10, 0.00269115284
2011-02-11, 0.00408979069
2011-02-12, 0.00371421637
2011-02-13, 0.00644327156
2011-02-14, 0.00521982251
2011-02-15, 0.000150847640001
2011-02-16, 0.00252943102
2011-02-17, 0.003082244
2011-02-18, 0.00381352725
2011-02-19, 0.00325207776
2011-02-20, 0.00177803308
2011-02-21, 0.00228600319
2011-02-22, 0.00266747816
2011-02-23, 0.00266506559
2011-02-24, 0.00329084073
2011-02-25, 0.00384858607
2011-02-26, 0.00466877544
2011-02-27, 0.00399343296
2011-02-28, 0.00280233472
2011-03-01, 0.00269109331
2011-03-02, 0.00273022168
2011-03-03, 0.00342884357
2011-03-04, 0.00375699364
2011-03-05, 0.00324475825
2011-03-06, 0.00277041892
2011-03-07, 0.00376863044
2011-03-08, 0.00370231219
2011-03-09, 0.00276939391
2011-03-10, 0.00214890674
2011-03-11, -0.00195855763
2011-03-12, 0.00443154606
2011-03-13, 0.00198141615
2011-03-14, 0.00342317272
2011-03-15, 0.00300602831
2011-03-16, 0.00567280082
2011-03-17, 0.00436093204
2011-03-18, 0.00458477201
2011-03-19, 0.00453158854
2011-03-20, 0.00371667088
2011-03-21, 0.00428155461
2011-03-22, 0.0029254865
2011-03-23, 0.00511187858
2011-03-24, 0.00261762161
2011-03-25, 0.00500053959
2011-03-26, 0.00457093634
2011-03-27, 0.00238250374
2011-03-28, 0.0028404221
2011-03-29, 0.00333145736
2011-03-30, 0.00341837261
2011-03-31, 0.00304653882
2011-04-01, 0.00450783985
2011-04-02, 0.00435923735
2011-04-03, 0.00362379252
2011-04-04, 0.00285807165
2011-04-05, 0.00418898981
2011-04-06, 0.00305652879
2011-04-07, 0.00246297025
2011-04-08, 0.00339021475
2011-04-09, 0.00455400537
2011-04-10, 0.00361758414
2011-04-11, 0.00324125059
2011-04-12, 0.00250546473
2011-04-13, 0.0039517927
2011-04-14, 0.00399666391
2011-04-15, 0.00422168295
2011-04-16, 0.0035081039
2011-04-17, 0.00272990869
2011-04-18, 0.00294084719
2011-04-19, 0.00305462245
2011-04-20, 0.00481051954
2011-04-21, 0.00450550101
2011-04-22, 0.00532067363
2011-04-23, 0.0050332983
2011-04-24, 0.00535333152
2011-04-25, 0.00467473988
2011-04-26, 0.00416996659
2011-04-27, 0.00363620795
2011-04-28, 0.00386523486
2011-04-29, 0.0068078869
2011-04-30, 0.0045542071
2011-05-01, 5.33976100003e-05
2011-05-02, 0.01558345175
2011-05-03, 0.0028613926
2011-05-04, 0.00256615705
2011-05-05, 0.00414443729
2011-05-06, 0.00319392077
2011-05-07, 0.00825759205
2011-05-08, 0.00716638984
2011-05-09, 0.00241557774
2011-05-10, 0.0038991214
2011-05-11, 0.0025378915
2011-05-12, 0.00244523559
2011-05-13, 0.00404599181
2011-05-14, 0.00353615188
2011-05-15, 0.0024315595
2011-05-16, 0.00230975883
2011-05-17, 0.00220964786
2011-05-18, 0.00195908192
2011-05-19, 0.00256810164
2011-05-20, 0.00411133848
2011-05-21, 0.00507070706
2011-05-22, 0.00447842404
2011-05-23, 0.00258745023
2011-05-24, 0.00181862597
2011-05-25, 0.00227178085
2011-05-26, 0.00219064548
2011-05-27, 0.00455614345
2011-05-28, 0.00417107131
2011-05-29, 0.0028724058
2011-05-30, 0.00408991503
2011-05-31, 0.00209778213
2011-06-01, 0.00264534733
2011-06-02, 0.0018619578
2011-06-03, 0.00434424182
2011-06-04, 0.00340447736
2011-06-05, 0.00195903857
2011-06-06, 0.00086585799
2011-06-07, 0.00229876864
2011-06-08, 0.00217654133
2011-06-09, 0.00182007163
2011-06-10, 0.00397844498
2011-06-11, 0.00319997702
2011-06-12, 0.00081581326
2011-06-13, 0.00314241903
2011-06-14, 0.00263416831
2011-06-15, 0.00225946346
2011-06-16, 0.00297929074
2011-06-17, 0.00264859372
2011-06-18, 0.00382986272
2011-06-19, 0.00374719205
2011-06-20, 0.0030756322
2011-06-21, 0.00256124284
2011-06-22, 0.00077021444
2011-06-23, 0.00279392851
2011-06-24, 0.00415890015
2011-06-25, 0.00366793591
2011-06-26, -0.0008522205
2011-06-27, 0.00177235098
2011-06-28, 0.001680861
2011-06-29, 0.00401879999
2011-06-30, 0.00290829262
2011-07-01, 0.00375023874
2011-07-02, 0.00356619279
2011-07-03, 0.00304092162
2011-07-04, 0.00428644917
2011-07-05, -9.09770900002e-05
2011-07-06, 0.00279774628
2011-07-07, 0.00212413117
2011-07-08, 0.00303176628
2011-07-09, 0.00287819757
2011-07-10, 0.00286215583
2011-07-11, 0.00228576429
2011-07-12, 0.00167395444
2011-07-13, 0.00117806793
2011-07-14, 0.00240101281
2011-07-15, 0.00354640088
2011-07-16, 0.00277557029
2011-07-17, 0.00186881423
2011-07-18, 0.00302269914
2011-07-19, 0.00320722508
2011-07-20, 0.00184295387
2011-07-21, 0.00280693978
2011-07-22, 0.00231589008
2011-07-23, 0.00418509037
2011-07-24, 0.00258363987
2011-07-25, 0.00138654026
2011-07-26, 0.00204721971
2011-07-27, -0.00157512388
2011-07-28, 0.0024666141
2011-07-29, 0.00337964882
2011-07-30, 0.00254323505
2011-07-31, 0.00230469291
2011-08-01, 0.00176260204
2011-08-02, 0.00145901325
2011-08-03, 0.00131926472
2011-08-04, 0.002481269
2011-08-05, 0.00274321637
2011-08-06, 0.00290968595
2011-08-07, 0.00153429203
2011-08-08, -0.000529696
2011-08-09, 0.00031189186
2011-08-10, 0.0020494885
2011-08-11, 0.00245669273
2011-08-12, 0.00354416884
2011-08-13, 0.00264195081
2011-08-14, 0.00246319713
2011-08-15, 0.00162848227
2011-08-16, 0.00316671079
2011-08-17, 0.00139856982
2011-08-18, 0.00190972066
2011-08-19, 0.00344599597
2011-08-20, 0.00264049198
2011-08-21, 0.00196853008
2011-08-22, 0.00298363508
2011-08-23, 0.00060972982
2011-08-24, 0.00179794067
2011-08-25, 0.00137381529
2011-08-26, 0.00271377852
2011-08-27, 0.00043697116
2011-08-28, 0.00202282186
2011-08-29, 0.00127268694
2011-08-30, 0.00111506551
2011-08-31, 0.00209916978
2011-09-01, 0.00183805254
2011-09-02, 0.00322306204
2011-09-03, 0.00249667844
2011-09-04, 0.00366407976
2011-09-05, 0.00437837987
2011-09-06, 0.00361156017
2011-09-07, 0.00427693835
2011-09-08, 0.00195919329
2011-09-09, 0.00328546336
2011-09-10, 0.00231689914
2011-09-11, 0.00314455403
2011-09-12, 0.00243668715
2011-09-13, 0.00264214181
2011-09-14, 0.00211732632
2011-09-15, 0.00143961553
2011-09-16, 0.00373175984
2011-09-17, 0.00175685515
2011-09-18, 0.01020712745
2011-09-19, -0.00134120476
2011-09-20, 0.00054523331
2011-09-21, -0.00094555441
2011-09-22, 0.00527058611
2011-09-23, 0.00210030738
2011-09-24, 0.00213590459
2011-09-25, 0.00087853667
2011-09-26, 0.00175414695
2011-09-27, 0.00050463079
2011-09-28, 0.00027843248
2011-09-29, 0.00404735901
2011-09-30, 0.00489884491
2011-10-01, 0.0032228061
2011-10-02, 0.00159512468
2011-10-03, 0.00268944399
2011-10-04, 0.004728
2011-10-05, 0.00448732356
2011-10-06, 0.01312585027
2011-10-07, 0.00652486701
2011-10-08, 0.00015154245
2011-10-09, 0.00176206101
2011-10-10, 0.00154183322
2011-10-11, -0.00485287562
2011-10-12, 0.0011268773
2011-10-13, 0.00132803827
2011-10-14, 0.0036474034
2011-10-15, 0.00254616347
2011-10-16, 0.00198526448
2011-10-17, 0.00134997769
2011-10-18, 0.00123858767
2011-10-19, 0.00043152986
2011-10-20, 0.00027188246
2011-10-21, 0.00300134206
2011-10-22, 0.00224406213
2011-10-23, 0.00214744663
2011-10-24, 0.0007435149
2011-10-25, 0.00145663051
2011-10-26, 0.00072379211
2011-10-27, 0.00138056422
2011-10-28, 0.00257293244
2011-10-29, 0.00180831076
2011-10-30, 0.000783636990001
2011-10-31, 0.00402978376
2011-11-01, 7.66100399998e-05
2011-11-02, 0.00100662256
2011-11-03, 0.00131631744
2011-11-04, 0.00271174126
2011-11-05, 0.0028912046
2011-11-06, 0.00285887967
2011-11-07, 0.00014726424
2011-11-08, 0.0031149077
2011-11-09, 0.00047275864
2011-11-10, 0.00281717085
2011-11-11, 0.00297048154
2011-11-12, 0.00174886207
2011-11-13, 0.00262844063
2011-11-14, 0.00057403608
2011-11-15, 0.000849437099999
2011-11-16, -0.00070876643
2011-11-17, 0.00064260073
2011-11-18, 0.00263725458
2011-11-19, 0.00313124299
2011-11-20, 0.00169899507
2011-11-21, 0.00052318575
2011-11-22, 0.0011853821
2011-11-23, 0.00286872974
2011-11-24, 0.00804794828
2011-11-25, 0.00170997833
2011-11-26, 0.00132116117
2011-11-27, 0.00244376901
2011-11-28, 0.00175124717
2011-11-29, 0.00073987686
2011-11-30, 0.00114848725
2011-12-01, 0.00133060088
2011-12-02, 0.00234753721
2011-12-03, 0.00201823411
2011-12-04, 0.00126294763
2011-12-05, 0.00047380902
2011-12-06, 0.00021930356
2011-12-07, 0.00090077419
2011-12-08, 0.00137774907
2011-12-09, 0.00371701793
2011-12-10, 0.00263278553
2011-12-11, 0.00193683475
2011-12-12, 0.0018637661
2011-12-13, 0.00177362484
2011-12-14, 0.00149361874
2011-12-15, 0.00184171205
2011-12-16, 0.0030634083
2011-12-17, 0.00198471388
2011-12-18, 0.00153730014
2011-12-19, 0.00239511374
2011-12-20, 0.00202228394
2011-12-21, 0.00234889456
2011-12-22, 0.00089810659
2011-12-23, 0.00347941535
2011-12-24, 0.00897187525
2011-12-25, -0.00352086102
2011-12-26, -0.00019555614
2011-12-27, 0.00027516745
2011-12-28, 0.00120584244
2011-12-29, 0.00174294725
2011-12-30, 0.0035631759
2011-12-31, 0.01049773005
2012-01-01, -0.01127027034
2012-01-02, 0.00117304356
2012-01-03, 0.00203998349
2012-01-04, 0.0016188119
2012-01-05, 0.00097468432
2012-01-06, 0.0025131713
2012-01-07, 0.00203788685
2012-01-08, 0.00145911238
2012-01-09, 0.00046859235
2012-01-10, 0.000374687650001
2012-01-11, 0.00084042602
2012-01-12, 0.00062348019
2012-01-13, 0.00207828162
2012-01-14, 0.00164402873
2012-01-15, 0.00060487933
2012-01-16, 0.00015028651
2012-01-17, 0.00152581603
2012-01-18, 0.00044918498
2012-01-19, 0.00066176294
2012-01-20, 0.00301233391
2012-01-21, 0.00213876453
2012-01-22, 0.00166100714
2012-01-23, 0.0008280396
2012-01-24, 0.00102036536
2012-01-25, 0.000909908220001
2012-01-26, 0.000918287729999
2012-01-27, 0.0024261072
2012-01-28, 0.00218570781
2012-01-29, 0.00182212766
2012-01-30, 0.00094317593
2012-01-31, 0.00231785075
2012-02-01, 0.00152048988
2012-02-02, 0.00192325696
2012-02-03, 0.00412848832
2012-02-04, 0.00465088262
2012-02-05, 0.00360385211
2012-02-06, 0.00194032187
2012-02-07, 0.00146729781
2012-02-08, 0.00118507458
2012-02-09, 0.00055798086
2012-02-10, 0.00274067796
2012-02-11, 0.00562619541
2012-02-12, 0.00495783161
2012-02-13, 0.0037661264
2012-02-14, 0.00522922644
2012-02-15, -0.00044817132
2012-02-16, 0.00179104763
2012-02-17, 0.00352735147
2012-02-18, 0.00260597271
2012-02-19, 0.00084778068
2012-02-20, 0.00172762446
2012-02-21, 0.00173131076
2012-02-22, 0.00130085333
2012-02-23, 0.00173607587
2012-02-24, 0.00323809733
2012-02-25, 0.00235668252
2012-02-26, 0.00183554832
2012-02-27, 0.00090169199
2012-02-28, 0.00079040031
2012-02-29, 0.00142010669
2012-03-01, 0.00163042112
2012-03-02, 0.00247937648
2012-03-03, 0.0023660523
2012-03-04, 0.00020959955
2012-03-05, 0.000712844250001
2012-03-06, 0.00079334
2012-03-07, 0.00132700597
2012-03-08, 0.00164158797
2012-03-09, 0.00281842173
2012-03-10, 0.00162461394
2012-03-11, 0.00157237294
2012-03-12, 0.00262561618
2012-03-13, 0.00194544023
2012-03-14, 0.00307420463
2012-03-15, 0.0021499214
2012-03-16, 0.00357601826
2012-03-17, 0.00408567508
2012-03-18, 0.00125768676
2012-03-19, 0.00126806079
2012-03-20, 0.00227914787
2012-03-21, 0.0022550684
2012-03-22, 0.00200814311
2012-03-23, 0.00354465516
2012-03-24, 0.00265046548
2012-03-25, 0.00122935048
2012-03-26, 0.00039370484
2012-03-27, 0.00226884907
2012-03-28, 0.00172824287
2012-03-29, 0.0012272328
2012-03-30, 0.00392969464
2012-03-31, 0.00314570155
2012-04-01, 0.00147951328
2012-04-02, 0.00258176847
2012-04-03, 0.000766706949999
2012-04-04, 0.00194664676
2012-04-05, 0.00394618922
2012-04-06, 0.00385515124
2012-04-07, 0.00457142788
2012-04-08, 0.00509256772
2012-04-09, 0.00189984502
2012-04-10, 0.0019508272
2012-04-11, 0.00050838945
2012-04-12, 0.00221725728
2012-04-13, 0.00400727017
2012-04-14, 0.00390077937
2012-04-15, 0.00233036093
2012-04-16, 0.00294165026
2012-04-17, 0.00264191195
2012-04-18, 0.00292230425
2012-04-19, 0.00210770546
2012-04-20, 0.00471291468
2012-04-21, 0.01246310361
2012-04-23, -0.00056321182
2012-04-24, 0.00227658494
2012-04-25, 0.0017176173
2012-04-26, 0.00222538053
2012-04-27, 0.00378166763
2012-04-28, 0.00197208217
2012-04-29, 0.00130956705
2012-04-30, 0.00257595026
2012-05-01, 0.00243987872
2012-05-02, 0.00364641212
2012-05-03, 0.00260496835
2012-05-04, 0.00602151409
2012-05-05, 0.00322194681
2012-05-06, 0.00513662643
2012-05-07, 0.00195684349
2012-05-08, 0.00210415604
2012-05-09, 0.00232163232
2012-05-10, 0.00303755038
2012-05-11, 0.00452197912
2012-05-12, 0.00470916384
2012-05-13, 0.00531922574
2012-05-14, 0.00106999787
2012-05-15, 0.00235422594
2012-05-16, 0.00261222236
2012-05-17, 0.0074748437
2012-05-18, 0.00472402685
2012-05-19, 0.00430367308
2012-05-20, 0.00263887106
2012-05-21, 0.00169508976
2012-05-22, 0.00573549696
2012-05-23, 0.00353301502
2012-05-24, 0.0037022992
2012-05-25, 0.00451845628
2012-05-26, 0.00371322986
2012-05-27, 0.00255853933
2012-05-28, 0.00312783893
2012-05-29, 0.00093410619
2012-05-30, 0.00158177731
2012-05-31, 0.00428518822
2012-06-01, 0.00455179145
2012-06-02, 0.00166217231
2012-06-03, 0.00156773933
2012-06-04, 0.00353373994
2012-06-05, 0.00235667311
2012-06-06, 0.00275308824
2012-06-07, 0.00321065486
2012-06-08, 0.0044969732
2012-06-09, 0.00271803688
2012-06-10, 0.00315456511
2012-06-11, 0.00334645532
2012-06-12, 0.00075076265
2012-06-13, 0.00303334622
2012-06-14, -0.00014807016
2012-06-15, 0.00586598202
2012-06-16, 0.00372387181
2012-06-17, 0.00282361534
2012-06-18, 0.00163611226
2012-06-19, 0.0008088051
2012-06-20, 0.00376681713
2012-06-21, 0.00141023893
2012-06-22, 0.00328032296
2012-06-23, 0.00361729993
2012-06-24, 0.00150270754
2012-06-25, 0.0033860246
2012-06-26, 0.00219758565
2012-06-27, 0.00197949996
2012-06-28, 0.00227346774
2012-06-29, 0.00403741519
2012-06-30, 0.00337187784
2012-07-01, -0.00151408153
2012-07-02, 0.00116594177
2012-07-03, 0.00324377518
2012-07-04, 0.00460933388
2012-07-05, 0.000557527
2012-07-06, 0.00368471181
2012-07-07, 0.00223677992
2012-07-08, 0.00234198867
2012-07-09, 0.00085963617
2012-07-10, 0.0034466556
2012-07-11, 0.00175255739
2012-07-12, 0.00240021266
2012-07-13, 0.00295398801
2012-07-14, 0.00235595283
2012-07-15, 0.00162974695
2012-07-16, 0.00232612448
2012-07-17, 0.00284283028
2012-07-18, 0.00163301267
2012-07-19, 0.00321832924
2012-07-20, 0.0008646793
2012-07-21, 0.00385792243
2012-07-22, 0.00308301689
2012-07-23, 0.00199621315
2012-07-24, 0.00334230335
2012-07-25, 0.00302646462
2012-07-26, 0.00349335273
2012-07-27, 0.0067459683
2012-07-28, 0.00325460572
2012-07-29, 0.00269390808
2012-07-30, 0.00241241839
2012-07-31, 0.00426963697
2012-08-01, 0.00362909577
2012-08-02, 0.00446232296
2012-08-03, 0.00437600933
2012-08-04, 0.00465604239
2012-08-05, 0.00353413747
2012-08-06, 0.00273728519
2012-08-07, 0.00343416435
2012-08-08, 0.00282910175
2012-08-09, 0.0041680582
2012-08-10, 0.00589729949
2012-08-11, 0.0041309356
2012-08-12, 0.00483998454
2012-08-13, 0.00264919379
2012-08-14, 0.00311261651
2012-08-15, 0.00397142206
2012-08-16, 0.00453102039
2012-08-17, 0.00427991445
2012-08-18, 0.00362525272
2012-08-19, 0.0026912191
2012-08-20, 0.00354012929
2012-08-21, 0.00293529564
2012-08-22, 0.00333258375
2012-08-23, 0.00358016423
2012-08-24, 0.00441496061
2012-08-25, 0.00558349935
2012-08-26, 0.00303341175
2012-08-27, 0.00411018544
2012-08-28, 0.00326209948
2012-08-29, 0.00442303352
2012-08-30, 0.00441541489
2012-08-31, 0.00665980088
2012-09-01, 0.00358197288
2012-09-02, 0.0023198349
2012-09-03, 0.00233477741
2012-09-04, 0.00375525164
2012-09-05, 0.0025500169
2012-09-06, 0.00354262774
2012-09-07, 0.00569160866
2012-09-08, 0.00366393237
2012-09-09, 0.00289335447
2012-09-10, 0.00333025308
2012-09-11, 0.00457898328
2012-09-12, 0.00322258254
2012-09-13, 0.00397244661
2012-09-14, 0.00430892972
2012-09-15, 0.00384410675
2012-09-16, 0.00247105785
2012-09-17, 0.00282077514
2012-09-18, 0.00242939528
2012-09-19, 0.0034059557
2012-09-20, 0.00314918954
2012-09-21, 0.00512527899
2012-09-22, 0.00318358146
2012-09-23, 0.0028070448
2012-09-24, 0.00293031463
2012-09-25, 0.00517469239
2012-09-26, 0.00568475392
2012-09-27, 0.00365716107
2012-09-28, 0.00535922956
2012-09-29, 0.00354769883
2012-09-30, 0.00229520324
2012-10-01, 0.00366666001
2012-10-02, 0.00248046861
2012-10-03, 0.00056632192
2012-10-04, 0.00394394214
2012-10-05, 0.00502116118
2012-10-06, 0.00431025196
2012-10-07, 0.00287802948
2012-10-08, 0.00289514616
2012-10-09, -0.000568486300001
2012-10-10, 0.00287386369
2012-10-11, 0.0024641418
2012-10-12, 0.00545845016
2012-10-13, 0.00410101063
2012-10-14, 0.00310802951
2012-10-15, 0.00342715278
2012-10-16, 0.00058691448
2012-10-17, 0.00337972881
2012-10-18, 0.00374869368
2012-10-19, 0.00424941246
2012-10-20, 0.00402686355
2012-10-21, 0.00253419197
2012-10-22, 0.00271198939
2012-10-23, 0.003071366
2012-10-24, 0.00261364726
2012-10-25, 0.00190662571
2012-10-26, 0.00361772225
2012-10-27, 0.00263641527
2012-10-28, 0.0013356585
2012-10-29, 0.00132522641
2012-10-30, 0.00350438916
2012-10-31, 0.00588036482
2012-11-01, 0.00311203007
2012-11-02, 0.00443449134
2012-11-03, 0.00332063336
2012-11-04, 0.00193276215
2012-11-05, 0.00253296639
2012-11-06, 0.00078526755
2012-11-07, 0.00641014511
2012-11-08, 0.00268902318
2012-11-09, 0.0042171095
2012-11-10, 0.0033778724
2012-11-11, 0.00268939165
2012-11-12, 0.00364469484
2012-11-13, 0.00213189467
2012-11-14, 0.00288716491
2012-11-15, 0.00167047605
2012-11-16, 0.00441672229
2012-11-17, 0.00348409109
2012-11-18, 0.00339488902
2012-11-19, 0.00208179738
2012-11-20, 0.00316918557
2012-11-21, 0.00353734371
2012-11-22, 0.009549052
2012-11-23, 0.0027914345
2012-11-24, 0.00443003795
2012-11-25, 0.0026868086
2012-11-26, 0.00343773065
2012-11-27, 0.00191869577
2012-11-28, 0.00292509129
2012-11-29, 0.00286621959
2012-11-30, 0.00489351457
2012-12-01, 0.00348903211
2012-12-02, 0.00054700253
2012-12-03, 0.00291421819
2012-12-04, 0.00299787603
2012-12-05, 0.0026803283
2012-12-06, 0.00233873773
2012-12-07, 0.00341820213
2012-12-08, 0.00414223164
2012-12-09, 0.00483843536
2012-12-10, 0.00261018876
2012-12-11, 0.00107276399
2012-12-12, 0.0022685403
2012-12-13, 0.00253534646
2012-12-14, -0.00080485471
2012-12-15, 0.00486328429
2012-12-16, 0.00225036302
2012-12-17, 0.00259208984
2012-12-18, 0.00305576545
2012-12-19, 0.00236608768
2012-12-20, 0.00339684867
2012-12-21, 0.00982059663
2012-12-22, 0.00314622348
2012-12-23, 0.00476153524
2012-12-24, 0.01148993259
2012-12-25, 0.0012070538
2012-12-26, -1.81558899994e-05
2012-12-27, 0.00248832798
2012-12-28, 0.0031256283
2012-12-29, 0.00228556162
2012-12-30, 0.0029606273
2012-12-31, 0.01097716933
2013-01-01, -0.01111225139
2013-01-02, 0.00281778413
2013-01-03, 0.00329041951
2013-01-04, 0.00310094892
2013-01-05, 0.00367253699
2013-01-06, 0.00110308759
2013-01-07, 0.0036001291
2013-01-08, 0.00280896252
2013-01-09, 0.00644046903
2013-01-10, 0.00178904295
2013-01-11, 0.0043359494
2013-01-12, 0.00417743923
2013-01-13, 0.00227877591
2013-01-14, 0.00139040322
2013-01-15, 0.00155004064
2013-01-16, 0.00214355927
2013-01-17, 0.00267366958
2013-01-18, 0.00466586571
2013-01-19, 0.00406769435
2013-01-20, 0.00980641599
2013-01-21, 0.01021507312
2013-01-22, 0.00647700386
2013-01-23, 0.00371306628
2013-01-24, 0.00253909463
2013-01-25, 0.00351369009
2013-01-26, 0.0029113513
2013-01-27, 0.02737909133
2013-01-28, 0.00434474248
2013-01-29, 0.00273405032
2013-01-30, 0.00241811257
2013-01-31, 0.00397606521
2013-02-01, 0.0050609445
2013-02-02, 0.01514749421
2013-02-03, 0.02734401424
2013-02-04, 0.00325770746
2013-02-05, 0.0030316996
2013-02-06, 0.0033970035
2013-02-07, 0.00254469489
2013-02-08, 0.00414812082
2013-02-09, 0.01769714963
2013-02-10, 0.01833262081
2013-02-11, 0.00299469248
2013-02-12, 0.00246572692
2013-02-13, 0.00498858573
2013-02-14, 0.00756864614
2013-02-15, 0.00319432708
2013-02-16, 0.01680247495
2013-02-17, 0.01682356415
2013-02-18, 0.00395617541
2013-02-19, 0.00302288268
2013-02-20, 0.00360805509
2013-02-21, 0.00293779814
2013-02-22, 0.00466793629
2013-02-23, 0.01282814732
2013-02-24, 0.01572987771
2013-02-25, 0.00287792418
2013-02-26, 0.00271056373
2013-02-27, 0.00284771584
2013-02-28, 0.00419577977
2013-03-01, 0.00413634268
2013-03-02, 0.01407053964
2013-03-03, 0.01347901328
2013-03-04, 0.00354861485
2013-03-05, 0.00288707457
2013-03-06, 0.00288197978
2013-03-07, 0.00251930008
2013-03-08, 0.00415550865
2013-03-09, 0.01421797553
2013-03-10, 0.01313060168
2013-03-11, 0.0039647466
2013-03-12, 0.00261882464
2013-03-13, 0.00354635606
2013-03-14, 0.0045017096
2013-03-15, 0.00431244969
2013-03-16, 0.0119865803
2013-03-17, 0.01156312326
2013-03-18, 0.00328709654
2013-03-19, 0.0027379312
2013-03-20, 0.0031749909
2013-03-21, 0.0038462778
2013-03-22, 0.00515957134
2013-03-23, 0.00960344586
2013-03-24, 0.01133406873
2013-03-25, 0.00369678131
2013-03-26, 0.00304850142
2013-03-27, 0.00297817329
2013-03-28, 0.00448769703
2013-03-29, 0.00557614491
2013-03-30, 0.01387856134
2013-03-31, 0.01177410221
2013-04-01, 0.00529393016
2013-04-02, 0.00348506056
2013-04-03, 0.00164372312
2013-04-04, 0.00328062346
2013-04-05, 0.00493356236
2013-04-06, 0.01182208732
2013-04-07, 0.00927294738
2013-04-08, 0.00452966215
2013-04-09, 0.00294671114
2013-04-10, 0.00338523371
2013-04-11, 0.00271847843
2013-04-12, 0.005575905
2013-04-13, 0.01097124743
2013-04-14, 0.01056934992
2013-04-15, 0.0006140255
2013-04-16, 0.00196928148
2013-04-17, 0.00228870871
2013-04-18, 0.00541765571
2013-04-19, 0.00197341646
2013-04-20, 0.01183424293
2013-04-21, 0.00963560407
2013-04-22, 0.00363200671
2013-04-23, 0.00239386626
2013-04-24, 0.0028399127
2013-04-25, 0.00384386543
2013-04-26, 0.00603126107
2013-04-27, 0.01044806117
2013-04-28, 0.00801498504
2013-04-29, 0.00275861912
2013-04-30, 0.00404870807
2013-05-01, 0.01462372452
2013-05-02, 0.00495518516
2013-05-03, 0.00572474508
2013-05-04, 0.0092291478
2013-05-05, 0.00833637237
2013-05-06, 0.0035650894
2013-05-07, 0.00444759964
2013-05-08, 0.00334198748
2013-05-09, 0.00342602498
2013-05-10, 0.00612305544
2013-05-11, 0.00650803566
2013-05-12, 0.00710730861
2013-05-13, 0.00273450042
2013-05-14, 0.00344535661
2013-05-15, 0.0034659171
2013-05-16, 0.0051278497
2013-05-17, 0.00526222701
2013-05-18, 0.01663680556
2013-05-19, 0.00462361306
2013-05-20, 0.01336986507
2013-05-21, 0.00255992825
2013-05-22, 0.00219601865
2013-05-23, 0.00427248267
2013-05-24, 0.00519139988
2013-05-25, 0.00666079878
2013-05-26, 0.00576431186
2013-05-27, 0.00532354744
2013-05-28, 0.01811375238
2013-05-29, 0.00292383169
2013-05-30, 0.00517292818
2013-05-31, 0.00562463513
2013-06-01, 0.00457049624
2013-06-02, 0.00367258598
2013-06-03, 0.0026416532
2013-06-04, 0.00372828498
2013-06-05, 0.0038982042
2013-06-06, 0.004274337
2013-06-07, 0.00499288166
2013-06-08, 0.00592760458
2013-06-09, 0.00244262835
2013-06-10, 0.00274238112
2013-06-11, 0.00239593864
2013-06-12, 0.00309359574
2013-06-13, 0.0030700964
2013-06-14, 0.00485075629
2013-06-15, 0.00549026229
2013-06-16, 0.00461556394
2013-06-17, 0.00197495188
2013-06-18, 0.00043604135
2013-06-19, 0.00980038407
2013-06-20, 0.00126166283
2013-06-21, 0.01138428551
2013-06-22, 0.00370853057
2013-06-23, 0.00268384559
2013-06-24, 0.00259909875
2013-06-25, 0.00291543633
2013-06-26, 0.00270505133
2013-06-27, 0.0025545228
2013-06-28, 0.00435153386
2013-06-29, 0.00279619894
2013-06-30, -0.00108507899
2013-07-01, 0.00162600752
2013-07-02, 0.002910684
2013-07-03, 0.00422294868
2013-07-04, 0.00593679198
2013-07-05, 0.00142201096
2013-07-06, 0.00347525411
2013-07-07, 0.00103594167
2013-07-08, 0.00180493342
2013-07-09, 0.00222310098
2013-07-10, 0.00265374126
2013-07-11, 0.00218795458
2013-07-12, 0.00382810363
2013-07-13, -0.0012089364
2013-07-14, 0.00907246899
2013-07-15, 0.01863412899
2013-07-16, 0.00425644099
2013-07-17, 0.00404980984
2013-07-18, 0.03645303994
2013-07-18, 0.03645303994
2013-07-19, 0.00413949121
2013-07-20, 0.00366428005
2013-07-21, 0.00215353925
2013-07-22, 0.00318522851
2013-07-23, 0.00408907839
2013-07-24, 0.00363358369
2013-07-25, 0.00199246852
2013-07-26, 0.00434835553
2013-07-27, 0.00289876756
2013-07-28, 0.00210955462
2013-07-29, 0.00311597984
2013-07-30, 0.0034244157
2013-07-31, 0.0034463853
2013-08-01, 0.00191612405
2013-08-02, 0.00462567381
2013-08-03, 0.00344471748
2013-08-04, 0.0035505859
2013-08-05, 0.00368838529
2013-08-06, 0.00324974623
2013-08-07, 0.00294988912
2013-08-08, 0.00441072844
2013-08-09, 0.00358528598
2013-08-10, 0.00384168297
2013-08-11, 0.0036323378
2013-08-12, 0.00216890734
2013-08-13, -0.00020237714
2013-08-14, 0.00374784768
2013-08-15, 0.00366711537
2013-08-16, 0.00531762099
2013-08-17, 0.00380765225
2013-08-18, 0.00265800281
2013-08-19, 0.00402887132
2013-08-20, 0.0038021435
2013-08-21, 0.00366790687
2013-08-22, 0.00393445097
2013-08-23, 0.0057607117
2013-08-24, 0.004023865
2013-08-25, 0.00235306482
2013-08-26, 0.00401170659
2013-08-27, 0.00327071329
2013-08-28, 0.00494078628
2013-08-29, 0.00440626476
2013-08-30, 0.00572083387
2013-08-31, 0.00368702798
2013-09-01, 0.00251340421
2013-09-02, 0.00343402574
2013-09-03, 0.00300139792
2013-09-04, 0.00474282525
2013-09-05, 0.00421015576
2013-09-06, 0.00655541243
2013-09-07, 0.00388738273
2013-09-08, 0.00156204346
2013-09-09, -0.00096786603
2013-09-10, 0.00294366737
2013-09-11, 0.00323800476
2013-09-12, 0.00316992342
2013-09-13, 0.00521166553
2013-09-14, 0.00285882894
2013-09-15, 0.0028021461
2013-09-16, 0.00057214112
2013-09-17, 0.00188687924
2013-09-18, 0.00284849911
2013-09-19, 0.00322889626
2013-09-20, 0.00483309241
2013-09-21, 0.00344725423
2013-09-22, 0.00258811256
2013-09-23, 0.00259582418
2013-09-24, 0.0014731123
2013-09-25, 0.00261586858
2013-09-26, 0.00415251321
2013-09-27, 0.00489157885
2013-09-28, 0.00304398285
2013-09-29, 0.000336964120001
2013-09-30, 0.00239566299
2013-10-01, 0.00836731816
2013-10-02, 0.00282327308
2013-10-03, 0.00218386896
2013-10-04, 0.00497474679
2013-10-05, 0.00362078222
2013-10-06, 0.00224672902
2013-10-07, 0.00299222736
2013-10-08, 0.00228758262
2013-10-09, 0.00174565518
2013-10-10, 0.0032395209
2013-10-11, 0.00573493543
2013-10-12, 0.0033426879
2013-10-13, 0.000833904379999
2013-10-14, 0.0028598085
2013-10-15, -0.00070619265
2013-10-16, 0.00224586534
2013-10-17, 0.00263852422
2013-10-18, 0.00404429377
2013-10-19, 0.00231695797
2013-10-20, 0.00098373552
2013-10-21, 0.00218549317
2013-10-22, 0.00212273264
2013-10-23, 0.00237897663
2013-10-24, 0.00266575162
2013-10-25, 0.00471709937
2013-10-26, 0.00341818227
2013-10-27, 0.00412144424
2013-10-28, 0.00202537081
2013-10-29, 0.00271620881
2013-10-30, 0.00281751226
2013-10-31, 0.00576388495
2013-11-01, 0.00283290704
2013-11-02, 0.00333816572
2013-11-03, 0.00188039182
2013-11-04, 0.00181945746
2013-11-05, 0.00146304507
2013-11-06, 0.00272155934
2013-11-07, 0.00224958296
2013-11-08, 0.00476500908
2013-11-09, 0.00301342989
2013-11-10, 0.00297517523
2013-11-11, 0.00281104126
2013-11-12, 0.00148091883
2013-11-13, 0.00127323414
2013-11-14, 0.00229646195
2013-11-15, 0.00425999159
2013-11-16, 0.00277823834
2013-11-17, 0.00151221672
2013-11-18, 0.00226786875
2013-11-19, 0.00255110839
2013-11-20, 0.00269876368
2013-11-21, 0.00231740089
2013-11-22, 0.00478113625
2013-11-23, 0.00326916801
2013-11-24, 0.00297650503
2013-11-25, 0.00203760872
2013-11-26, 0.00245319867
2013-11-27, 0.00450165455
2013-11-28, 0.01093910477
2013-11-29, 0.00191138082
2013-11-30, 0.00466391765
2013-12-01, 0.01023359049
2013-12-02, 0.00663823345
2013-12-03, 0.00512693616
2013-12-04, 0.00636669974
2013-12-05, 0.00924773387
2013-12-06, 0.00555763197
2013-12-07, 0.00376852644
2013-12-08, 0.00179555289
2013-12-09, 0.00224674724
2013-12-10, 0.00326703953
2013-12-11, 0.00330354107
2013-12-12, 0.00215249414
2013-12-13, 0.00531129686
2013-12-14, 0.00341660022
2013-12-15, 0.00326589621
2013-12-16, 0.0038052853
2013-12-17, 0.00315531483
2013-12-18, 0.0033059827
2013-12-19, 0.00283477027
2013-12-20, 0.00500326274
2013-12-21, 0.00398221133
2013-12-22, 0.00145804725
2013-12-23, 0.00476038174
2013-12-24, 0.0113103102
2013-12-25, 0.00413736847
2013-12-26, 0.00103267439
2013-12-27, 0.00311279027
2013-12-28, 0.00260907679
2013-12-29, 0.0065039533
2013-12-30, 0.0020598773
2013-12-31, 0.01162002209
2014-01-01, -0.00712706744
2014-01-02, 0.00077180679
2014-01-03, 0.00103248241
2014-01-04, 0.00253616098
2014-01-05, 0.00048228339
2014-01-06, 0.0016672543
2014-01-07, -0.00103495909
2014-01-08, 0.00258027832
2014-01-09, 0.00223529711
2014-01-10, 0.00483747769
2014-01-11, 0.00369818047
2014-01-12, 0.00196066286
2014-01-13, 0.00310618371
2014-01-14, 0.00095731504
2014-01-15, 0.00258101782
2014-01-16, 0.00397376212
2014-01-17, 0.00472267622
2014-01-18, 0.00326723741
2014-01-19, 0.00318563058
2014-01-20, 0.00318021283
2014-01-21, 0.00207424271
2014-01-22, 0.00163211056
2014-01-23, -0.00037009505
2014-01-24, 0.00447984794
2014-01-25, 0.0023248091
2014-01-26, 0.00244996679
2014-01-27, 0.00164482249
2014-01-28, 0.00303169385
2014-01-29, 0.00196364223
2014-01-30, 0.00306511715
2014-01-31, 0.00536126678
2014-02-01, 0.00410020047
2014-02-02, 0.0057377467
2014-02-03, 0.00310269876
2014-02-04, 0.00313837625
2014-02-05, 0.00353218616
2014-02-06, 0.00316504326
2014-02-07, 0.00525357453
2014-02-08, 0.00356439145
2014-02-09, 0.00158773753
2014-02-10, 0.00282065656
2014-02-11, 0.00354771744
2014-02-12, 0.00181174153
2014-02-13, 0.00092365248
2014-02-14, 0.00886920822
2014-02-15, 5.65161299999e-05
2014-02-16, 0.00100928803
2014-02-17, 0.00219814169
2014-02-18, 0.00214944264
2014-02-19, 0.00461437746
2014-02-20, 0.00238698976
2014-02-21, 0.00462300687
2014-02-22, 0.00416884495
2014-02-23, 0.00209075581
2014-02-24, 0.00289531073
2014-02-25, 0.00170556665
2014-02-26, 0.00316894258
2014-02-27, 0.00286725666
2014-02-28, 0.00459968216
2014-03-01, 0.00377219019
2014-03-02, 0.00313542409
2014-03-03, 0.00039134747
2014-03-04, 0.0025954838
2014-03-05, 0.00123763116
2014-03-06, 0.00304122036
2014-03-07, 0.00441904086
2014-03-08, 0.00440881602
2014-03-09, 0.00336708144
2014-03-10, 0.00354393901
2014-03-11, 0.00383067607
2014-03-12, 0.00279304882
2014-03-13, 0.00380626293
2014-03-14, 0.00575821321
2014-03-15, 0.00339199856
2014-03-16, 0.00160613135
2014-03-17, 0.00220024251
2014-03-18, 0.00284616994
2014-03-19, 0.00282703336
2014-03-20, 0.00486341199
2014-03-21, 0.00467746541
2014-03-22, 0.00495460347
2014-03-23, 0.0019140386
2014-03-24, 0.00232290601
2014-03-25, 0.0019384056
2014-03-26, 0.00250003822
2014-03-27, 0.00326875412
2014-03-28, 0.00272790468
2014-03-29, 0.00940894048
2014-03-30, 0.00224385627
2014-03-31, 0.00323933449
2014-04-01, 0.00274344079
2014-04-02, 0.00363089004
2014-04-03, 0.00403636115
2014-04-04, 0.00459333182
2014-04-05, 0.00441922426
2014-04-06, 0.00137362205
2014-04-07, 0.00238260333
2014-04-08, 0.00230330282
2014-04-09, 0.00357166892
2014-04-10, 0.00308000115
2014-04-11, 0.00589011794
2014-04-12, 0.00453464632
2014-04-13, 0.00425016927
2014-04-14, 0.00274813355
2014-04-15, 0.00252613844
2014-04-16, 0.00427594167
2014-04-17, 0.00360474671
2014-04-18, 0.00565222598
2014-04-19, 0.00403344394
2014-04-20, 0.00646955811
2014-04-21, 0.00416883557
2014-04-22, 0.00288478968
2014-04-23, 0.00435590612
2014-04-24, 0.00386085783
2014-04-25, 0.00609482969
2014-04-26, 0.00381071744
2014-04-27, 0.00264494492
2014-04-28, 0.00368164864
2014-04-29, 0.00279002982
2014-04-30, 0.00310226037
2014-05-01, 0.00348211512
2014-05-02, 0.0039919573
2014-05-03, 0.00404219934
2014-05-04, 0.00249173894
2014-05-05, 0.0026713088
2014-05-06, 0.0018970709
2014-05-07, 0.00198664851
2014-05-08, 0.00413328008
2014-05-09, 0.00481461507
2014-05-10, 0.00564879587
2014-05-11, 0.00768562418
2014-05-12, 0.00082520097
2014-05-13, 0.00285680845
2014-05-14, 0.00588251865
2014-05-15, 0.00249093257
2014-05-16, 0.00459685007
2014-05-17, 0.00361910713
2014-05-18, 0.00168212233
2014-05-19, 0.00278202807
2014-05-20, 0.00259972516
2014-05-21, 0.00222741009
2014-05-22, 0.00308412832
2014-05-23, 0.00493424668
2014-05-24, 0.00417680609
2014-05-25, 0.00181967029
2014-05-26, 0.0041762719
2014-05-27, 0.001888012
2014-05-28, 0.00397700869
2014-05-29, 0.00407406899
2014-05-30, 0.00402289126
2014-05-31, 0.00238166117
2014-06-01, 0.00116736243
2014-06-02, 0.00245134173
2014-06-03, 0.00290549303
2014-06-04, 0.00325765403
2014-06-05, 0.00302859668
2014-06-06, 0.01701771766
2014-06-07, 0.0147775742
2014-06-08, 0.01299461919
2014-06-09, 0.01391853636
2014-06-10, 0.01335133777
2014-06-11, 0.01415574274
2014-06-12, 0.0135848765
2014-06-13, 0.01402568644
2014-06-14, 0.01299791777
2014-06-15, 0.01513039634
2014-06-16, 0.01303897387
2014-06-17, 0.01305894989
2014-06-18, 0.01489573255
